X,Y,id,icon_url
-1.27163307729778,49.5886609149233,"11",./0.png
